{"cameraMode":{"drawMode":0,"name":"Shaded","section":"Shading Mode"},"sceneLighting":true,"audioPlay":false,"sceneViewState":{"showFog":true,"showMaterialUpdate":true,"showSkybox":true,"showFlares":true,"showImageEffects":true,"showParticleSystems":true},"in2DMode":false,"pivot":{"x":-1.6037139892578126,"y":-2.11724853515625,"z":-7.3232421875},"rotation":{"x":-0.002999956486746669,"y":-0.0044999634847044949,"z":-0.000013499899978342,"w":0.9999850988388062},"size":7.714505672454834,"orthographic":true}